{"cameraMode":{"drawMode":0,"name":"Shaded","section":"Shading Mode"},"sceneLighting":false,"audioPlay":false,"sceneViewState":{"m_AlwaysRefresh":false,"showFog":true,"showSkybox":false,"showFlares":true,"showImageEffects":true,"showParticleSystems":true,"showVisualEffectGraphs":true,"m_FxEnabled":true},"in2DMode":false,"pivot":{"x":0.02804511785507202,"y":0.14133654534816743,"z":0.04956179857254028},"rotation":{"x":0.271212637424469,"y":-0.19269053637981416,"z":0.05551315099000931,"w":0.9413981437683106},"size":0.8304251432418823,"orthographic":false}