{"cameraMode":{"drawMode":0,"name":"Shaded","section":"Shading Mode"},"sceneLighting":false,"audioPlay":false,"sceneViewState":{"m_AlwaysRefresh":false,"showFog":true,"showSkybox":false,"showFlares":true,"showImageEffects":true,"showParticleSystems":true,"showVisualEffectGraphs":true,"m_FxEnabled":true},"in2DMode":false,"pivot":{"x":-0.03026413917541504,"y":0.5877529382705689,"z":0.07367432117462158},"rotation":{"x":0.02749532088637352,"y":-0.9723443388938904,"z":0.16795355081558228,"w":0.1607460081577301},"size":1.1559492349624634,"orthographic":true}