{"cameraMode":{"drawMode":0,"name":"Shaded","section":"Shading Mode"},"sceneLighting":false,"audioPlay":false,"sceneViewState":{"m_AlwaysRefresh":false,"showFog":true,"showSkybox":false,"showFlares":true,"showImageEffects":true,"showParticleSystems":true,"showVisualEffectGraphs":true,"m_FxEnabled":true},"in2DMode":false,"pivot":{"x":4.46999979019165,"y":2.200000047683716,"z":12.619999885559082},"rotation":{"x":-0.02248295024037361,"y":0.0359826385974884,"z":0.0008091832860372961,"w":0.9991005063056946},"size":1.0606603622436524,"orthographic":false}