{"cameraMode":{"drawMode":0,"name":"Shaded","section":"Shading Mode"},"sceneLighting":false,"audioPlay":false,"sceneViewState":{"m_AlwaysRefresh":false,"showFog":true,"showSkybox":false,"showFlares":true,"showImageEffects":true,"showParticleSystems":true,"showVisualEffectGraphs":true,"m_FxEnabled":true},"in2DMode":false,"pivot":{"x":-0.09649401903152466,"y":0.21291574835777284,"z":-0.06302273273468018},"rotation":{"x":0.271212637424469,"y":-0.19269053637981416,"z":0.05551315099000931,"w":0.9413981437683106},"size":0.8251647353172302,"orthographic":false}