{"cameraMode":{"drawMode":0,"name":"Shaded","section":"Shading Mode"},"sceneLighting":false,"audioPlay":false,"sceneViewState":{"m_AlwaysRefresh":false,"showFog":true,"showSkybox":false,"showFlares":true,"showImageEffects":true,"showParticleSystems":true,"showVisualEffectGraphs":true,"m_FxEnabled":true},"in2DMode":false,"pivot":{"x":0.24555587768554688,"y":17.547405242919923,"z":0.36412811279296877},"rotation":{"x":-0.03695245087146759,"y":0.7229099869728088,"z":-0.03935256972908974,"w":-0.689013659954071},"size":73.94651794433594,"orthographic":true}