{"cameraMode":{"drawMode":0,"name":"Shaded","section":"Shading Mode"},"sceneLighting":false,"audioPlay":false,"sceneViewState":{"m_AlwaysRefresh":false,"showFog":true,"showSkybox":false,"showFlares":true,"showImageEffects":true,"showParticleSystems":true,"showVisualEffectGraphs":true,"m_FxEnabled":true},"in2DMode":false,"pivot":{"x":-0.04448002576828003,"y":0.5394471287727356,"z":-0.14636147022247315},"rotation":{"x":0.02749532088637352,"y":-0.9723443388938904,"z":0.16795355081558228,"w":0.1607460081577301},"size":0.9074660539627075,"orthographic":true}