{"cameraMode":{"drawMode":0,"name":"Shaded","section":"Shading Mode"},"sceneLighting":false,"audioPlay":false,"sceneViewState":{"m_AlwaysRefresh":false,"showFog":true,"showSkybox":false,"showFlares":true,"showImageEffects":true,"showParticleSystems":true,"showVisualEffectGraphs":true,"m_FxEnabled":true},"in2DMode":false,"pivot":{"x":0.09329986572265625,"y":12.948685646057129,"z":1.3147697448730469},"rotation":{"x":0.012462510727345944,"y":-0.9665552973747253,"z":0.25196048617362978,"w":0.04818861559033394},"size":61.906917572021487,"orthographic":true}